"hight","old","weight","bust","waist","hip","number","BMI","type","name","pred_bust","pred_waist","pred_hip"
145,13,40,NA,NA,NA,25,19.0249702734839,"cute","ëÂè¿Ç≠ÇÈÇ›",74.2246822544701,54.5893344991677,76.3089227079256
139,17,30,NA,NA,NA,34,15.5271466280213,"cute","ëoótà«",73.1638966286955,54.0417880855531,75.0643088453482
166,26,NA,NA,NA,NA,181,NA,"passion","ç≤ì°êS",88.5033171486846,58.0806837687353,86.5652701045021
149,19,NA,NA,NA,NA,184,NA,"passion","ñ≤å©ÇËÇ†Çﬁ",78.3233913791111,55.4599007177482,79.0325562807111
